1|5|Nguyen Van A|2026-07-03 11:33:12
1|2|User-3|2026-07-04 07:11:39
1|36|User-2|2026-07-04 07:12:51
1|35|User-1|2026-07-04 07:17:27
1|6|User5|2026-07-04 16:23:01
1|1|User-1|2026-07-04 16:23:01
1|3|User-3|2026-07-04 16:23:01
1|8|User-8|2026-07-04 16:23:01
1|10|User-10|2026-07-04 16:23:01
1|7|User-7|2026-07-04 16:23:01
1|9|User-9|2026-07-04 16:23:01
1|4|User-4|2026-07-04 16:23:01
1|11|User-10|2026-07-04 16:23:01
1|12|User-11|2026-07-04 16:23:01
1|13|User-12|2026-07-04 16:23:01
1|14|User-13|2026-07-04 16:23:01
1|16|User-15|2026-07-04 16:23:01
1|15|User-14|2026-07-04 16:23:01
1|17|User-16|2026-07-04 16:23:01
1|19|User-18|2026-07-04 16:23:01
1|18|User-17|2026-07-04 16:23:01
1|22|User-21|2026-07-04 16:23:01
1|21|User-20|2026-07-04 16:23:01
1|20|User-19|2026-07-04 16:23:01
1|23|User-22|2026-07-04 16:23:01
1|24|User-23|2026-07-04 16:23:01
1|25|User-24|2026-07-04 16:23:01
1|27|User-26|2026-07-04 16:23:01
1|26|User-25|2026-07-04 16:23:01
1|28|User-27|2026-07-04 16:23:01
1|29|User-28|2026-07-04 16:23:01
1|30|User-29|2026-07-04 16:23:01
1|31|User-30|2026-07-04 16:23:01
1|32|User-31|2026-07-04 16:23:01
1|33|User-32|2026-07-04 16:23:01
1|34|User-33|2026-07-04 16:23:01
1|38|User-37|2026-07-04 16:23:01
1|37|User-36|2026-07-04 16:23:01
1|39|User-38|2026-07-04 16:23:01
1|40|User-39|2026-07-04 16:23:01
